create database myshoe;
use myshoe;

-- MySQL dump 10.13  Distrib 8.0.25, for Win64 (x86_64)
--
-- Host: localhost    Database: shoes
-- ------------------------------------------------------
-- Server version	8.0.25

/*!40101 SET @OLD_CHARACTER_SET_CLIENT=@@CHARACTER_SET_CLIENT */;
/*!40101 SET @OLD_CHARACTER_SET_RESULTS=@@CHARACTER_SET_RESULTS */;
/*!40101 SET @OLD_COLLATION_CONNECTION=@@COLLATION_CONNECTION */;
/*!50503 SET NAMES utf8 */;
/*!40103 SET @OLD_TIME_ZONE=@@TIME_ZONE */;
/*!40103 SET TIME_ZONE='+00:00' */;
/*!40014 SET @OLD_UNIQUE_CHECKS=@@UNIQUE_CHECKS, UNIQUE_CHECKS=0 */;
/*!40014 SET @OLD_FOREIGN_KEY_CHECKS=@@FOREIGN_KEY_CHECKS, FOREIGN_KEY_CHECKS=0 */;
/*!40101 SET @OLD_SQL_MODE=@@SQL_MODE, SQL_MODE='NO_AUTO_VALUE_ON_ZERO' */;
/*!40111 SET @OLD_SQL_NOTES=@@SQL_NOTES, SQL_NOTES=0 */;

--
-- Table structure for table `category`
--

DROP TABLE IF EXISTS `category`;
/*!40101 SET @saved_cs_client     = @@character_set_client */;
/*!50503 SET character_set_client = utf8mb4 */;
CREATE TABLE `category` (
  `id` bigint NOT NULL AUTO_INCREMENT,
  `created_at` datetime(6) DEFAULT NULL,
  `modified_at` datetime(6) DEFAULT NULL,
  `name` varchar(300) NOT NULL,
  `orders` int DEFAULT NULL,
  `slug` varchar(255) NOT NULL,
  `status` tinyint(1) DEFAULT NULL,
  PRIMARY KEY (`id`)
) ENGINE=InnoDB AUTO_INCREMENT=4 DEFAULT CHARSET=utf8mb4 COLLATE=utf8mb4_0900_ai_ci;
/*!40101 SET character_set_client = @saved_cs_client */;

--
-- Dumping data for table `category`
--

LOCK TABLES `category` WRITE;
/*!40000 ALTER TABLE `category` DISABLE KEYS */;
INSERT INTO `category` VALUES (1,'2021-08-22 13:48:57.568000',NULL,'Giày Nam',0,'giay-nam',1),(2,'2021-08-22 13:49:02.889000',NULL,'Giày Nữ',0,'giay-nu',1),(3,'2021-08-22 13:49:06.955000',NULL,'Giày Trẻ em',0,'giay-tre-em',1);
/*!40000 ALTER TABLE `category` ENABLE KEYS */;
UNLOCK TABLES;
/*!40103 SET TIME_ZONE=@OLD_TIME_ZONE */;

/*!40101 SET SQL_MODE=@OLD_SQL_MODE */;
/*!40014 SET FOREIGN_KEY_CHECKS=@OLD_FOREIGN_KEY_CHECKS */;
/*!40014 SET UNIQUE_CHECKS=@OLD_UNIQUE_CHECKS */;
/*!40101 SET CHARACTER_SET_CLIENT=@OLD_CHARACTER_SET_CLIENT */;
/*!40101 SET CHARACTER_SET_RESULTS=@OLD_CHARACTER_SET_RESULTS */;
/*!40101 SET COLLATION_CONNECTION=@OLD_COLLATION_CONNECTION */;
/*!40111 SET SQL_NOTES=@OLD_SQL_NOTES */;

-- Dump completed on 2021-08-22 21:39:48

-- MySQL dump 10.13  Distrib 8.0.25, for Win64 (x86_64)
--
-- Host: localhost    Database: shoes
-- ------------------------------------------------------
-- Server version	8.0.25

/*!40101 SET @OLD_CHARACTER_SET_CLIENT=@@CHARACTER_SET_CLIENT */;
/*!40101 SET @OLD_CHARACTER_SET_RESULTS=@@CHARACTER_SET_RESULTS */;
/*!40101 SET @OLD_COLLATION_CONNECTION=@@COLLATION_CONNECTION */;
/*!50503 SET NAMES utf8 */;
/*!40103 SET @OLD_TIME_ZONE=@@TIME_ZONE */;
/*!40103 SET TIME_ZONE='+00:00' */;
/*!40014 SET @OLD_UNIQUE_CHECKS=@@UNIQUE_CHECKS, UNIQUE_CHECKS=0 */;
/*!40014 SET @OLD_FOREIGN_KEY_CHECKS=@@FOREIGN_KEY_CHECKS, FOREIGN_KEY_CHECKS=0 */;
/*!40101 SET @OLD_SQL_MODE=@@SQL_MODE, SQL_MODE='NO_AUTO_VALUE_ON_ZERO' */;
/*!40111 SET @OLD_SQL_NOTES=@@SQL_NOTES, SQL_NOTES=0 */;

--
-- Table structure for table `brand`
--

DROP TABLE IF EXISTS `brand`;
/*!40101 SET @saved_cs_client     = @@character_set_client */;
/*!50503 SET character_set_client = utf8mb4 */;
CREATE TABLE `brand` (
  `id` bigint NOT NULL AUTO_INCREMENT,
  `created_at` datetime(6) DEFAULT NULL,
  `description` varchar(255) DEFAULT NULL,
  `modified_at` datetime(6) DEFAULT NULL,
  `name` varchar(255) NOT NULL,
  `status` tinyint(1) DEFAULT NULL,
  `thumbnail` varchar(255) DEFAULT NULL,
  PRIMARY KEY (`id`),
  UNIQUE KEY `UK_rdxh7tq2xs66r485cc8dkxt77` (`name`)
) ENGINE=InnoDB AUTO_INCREMENT=5 DEFAULT CHARSET=utf8mb4 COLLATE=utf8mb4_0900_ai_ci;
/*!40101 SET character_set_client = @saved_cs_client */;

--
-- Dumping data for table `brand`
--

LOCK TABLES `brand` WRITE;
/*!40000 ALTER TABLE `brand` DISABLE KEYS */;
INSERT INTO `brand` VALUES (1,'2021-08-22 13:49:38.447000',NULL,NULL,'VANZ',1,'/media/static/6f1de8cc-84cd-4da8-9e73-1b27bbf0058d.jpg'),(2,'2021-08-22 13:49:47.368000',NULL,NULL,'CONVERSE',1,'/media/static/988dd7b0-5e8b-4707-a910-b9877970c071.png'),(3,'2021-08-22 13:49:56.351000',NULL,NULL,'ADIDAS',1,'/media/static/282930fb-ef57-407e-89b7-2cfdb5cf43a0.jpg'),(4,'2021-08-22 13:50:05.440000',NULL,NULL,'NIKE',1,'/media/static/b915dbe3-1aaa-4d3f-b14f-f716a3bad457.png');
/*!40000 ALTER TABLE `brand` ENABLE KEYS */;
UNLOCK TABLES;
/*!40103 SET TIME_ZONE=@OLD_TIME_ZONE */;

/*!40101 SET SQL_MODE=@OLD_SQL_MODE */;
/*!40014 SET FOREIGN_KEY_CHECKS=@OLD_FOREIGN_KEY_CHECKS */;
/*!40014 SET UNIQUE_CHECKS=@OLD_UNIQUE_CHECKS */;
/*!40101 SET CHARACTER_SET_CLIENT=@OLD_CHARACTER_SET_CLIENT */;
/*!40101 SET CHARACTER_SET_RESULTS=@OLD_CHARACTER_SET_RESULTS */;
/*!40101 SET COLLATION_CONNECTION=@OLD_COLLATION_CONNECTION */;
/*!40111 SET SQL_NOTES=@OLD_SQL_NOTES */;

-- Dump completed on 2021-08-22 21:39:47

-- MySQL dump 10.13  Distrib 8.0.25, for Win64 (x86_64)
--
-- Host: localhost    Database: shoes
-- ------------------------------------------------------
-- Server version	8.0.25

/*!40101 SET @OLD_CHARACTER_SET_CLIENT=@@CHARACTER_SET_CLIENT */;
/*!40101 SET @OLD_CHARACTER_SET_RESULTS=@@CHARACTER_SET_RESULTS */;
/*!40101 SET @OLD_COLLATION_CONNECTION=@@COLLATION_CONNECTION */;
/*!50503 SET NAMES utf8 */;
/*!40103 SET @OLD_TIME_ZONE=@@TIME_ZONE */;
/*!40103 SET TIME_ZONE='+00:00' */;
/*!40014 SET @OLD_UNIQUE_CHECKS=@@UNIQUE_CHECKS, UNIQUE_CHECKS=0 */;
/*!40014 SET @OLD_FOREIGN_KEY_CHECKS=@@FOREIGN_KEY_CHECKS, FOREIGN_KEY_CHECKS=0 */;
/*!40101 SET @OLD_SQL_MODE=@@SQL_MODE, SQL_MODE='NO_AUTO_VALUE_ON_ZERO' */;
/*!40111 SET @OLD_SQL_NOTES=@@SQL_NOTES, SQL_NOTES=0 */;

--
-- Table structure for table `comment`
--

DROP TABLE IF EXISTS `comment`;
/*!40101 SET @saved_cs_client     = @@character_set_client */;
/*!50503 SET character_set_client = utf8mb4 */;
CREATE TABLE `comment` (
  `id` bigint NOT NULL AUTO_INCREMENT,
  `content` text,
  `created_at` datetime(6) DEFAULT NULL,
  `post_id` bigint DEFAULT NULL,
  `product_id` varchar(255) DEFAULT NULL,
  `user_id` bigint DEFAULT NULL,
  PRIMARY KEY (`id`),
  KEY `FKs1slvnkuemjsq2kj4h3vhx7i1` (`post_id`),
  KEY `FKm1rmnfcvq5mk26li4lit88pc5` (`product_id`),
  KEY `FKqm52p1v3o13hy268he0wcngr5` (`user_id`),
  CONSTRAINT `FKm1rmnfcvq5mk26li4lit88pc5` FOREIGN KEY (`product_id`) REFERENCES `product` (`id`),
  CONSTRAINT `FKqm52p1v3o13hy268he0wcngr5` FOREIGN KEY (`user_id`) REFERENCES `users` (`id`),
  CONSTRAINT `FKs1slvnkuemjsq2kj4h3vhx7i1` FOREIGN KEY (`post_id`) REFERENCES `post` (`id`)
) ENGINE=InnoDB AUTO_INCREMENT=2 DEFAULT CHARSET=utf8mb4 COLLATE=utf8mb4_0900_ai_ci;
/*!40101 SET character_set_client = @saved_cs_client */;

--
-- Dumping data for table `comment`
--

LOCK TABLES `comment` WRITE;
/*!40000 ALTER TABLE `comment` DISABLE KEYS */;
INSERT INTO `comment` VALUES (1,'Sản phẩm chất lượng, sẽ ủng hộ shop dài dài','2021-08-22 14:10:18.348000',NULL,'u2aJZe',2);
/*!40000 ALTER TABLE `comment` ENABLE KEYS */;
UNLOCK TABLES;
/*!40103 SET TIME_ZONE=@OLD_TIME_ZONE */;

/*!40101 SET SQL_MODE=@OLD_SQL_MODE */;
/*!40014 SET FOREIGN_KEY_CHECKS=@OLD_FOREIGN_KEY_CHECKS */;
/*!40014 SET UNIQUE_CHECKS=@OLD_UNIQUE_CHECKS */;
/*!40101 SET CHARACTER_SET_CLIENT=@OLD_CHARACTER_SET_CLIENT */;
/*!40101 SET CHARACTER_SET_RESULTS=@OLD_CHARACTER_SET_RESULTS */;
/*!40101 SET COLLATION_CONNECTION=@OLD_COLLATION_CONNECTION */;
/*!40111 SET SQL_NOTES=@OLD_SQL_NOTES */;

-- Dump completed on 2021-08-22 21:39:48

-- MySQL dump 10.13  Distrib 8.0.25, for Win64 (x86_64)
--
-- Host: localhost    Database: shoes
-- ------------------------------------------------------
-- Server version	8.0.25

/*!40101 SET @OLD_CHARACTER_SET_CLIENT=@@CHARACTER_SET_CLIENT */;
/*!40101 SET @OLD_CHARACTER_SET_RESULTS=@@CHARACTER_SET_RESULTS */;
/*!40101 SET @OLD_COLLATION_CONNECTION=@@COLLATION_CONNECTION */;
/*!50503 SET NAMES utf8 */;
/*!40103 SET @OLD_TIME_ZONE=@@TIME_ZONE */;
/*!40103 SET TIME_ZONE='+00:00' */;
/*!40014 SET @OLD_UNIQUE_CHECKS=@@UNIQUE_CHECKS, UNIQUE_CHECKS=0 */;
/*!40014 SET @OLD_FOREIGN_KEY_CHECKS=@@FOREIGN_KEY_CHECKS, FOREIGN_KEY_CHECKS=0 */;
/*!40101 SET @OLD_SQL_MODE=@@SQL_MODE, SQL_MODE='NO_AUTO_VALUE_ON_ZERO' */;
/*!40111 SET @OLD_SQL_NOTES=@@SQL_NOTES, SQL_NOTES=0 */;

--
-- Table structure for table `images`
--

DROP TABLE IF EXISTS `images`;
/*!40101 SET @saved_cs_client     = @@character_set_client */;
/*!50503 SET character_set_client = utf8mb4 */;
CREATE TABLE `images` (
  `id` varchar(255) NOT NULL,
  `created_at` datetime(6) DEFAULT NULL,
  `link` varchar(255) DEFAULT NULL,
  `name` varchar(255) DEFAULT NULL,
  `size` bigint DEFAULT NULL,
  `type` varchar(255) DEFAULT NULL,
  `created_by` bigint DEFAULT NULL,
  PRIMARY KEY (`id`),
  UNIQUE KEY `UK_4mgw71qgyeud96uf8kgiu9fsw` (`link`),
  KEY `FKp1m9f9rm7xy8nk7a820dvh6c4` (`created_by`),
  CONSTRAINT `FKp1m9f9rm7xy8nk7a820dvh6c4` FOREIGN KEY (`created_by`) REFERENCES `users` (`id`)
) ENGINE=InnoDB DEFAULT CHARSET=utf8mb4 COLLATE=utf8mb4_0900_ai_ci;
/*!40101 SET character_set_client = @saved_cs_client */;

--
-- Dumping data for table `images`
--

LOCK TABLES `images` WRITE;
/*!40000 ALTER TABLE `images` DISABLE KEYS */;
INSERT INTO `images` VALUES ('0b4785c8-4aef-45fe-95a2-519b5ae63281','2021-08-22 13:54:59.371000','/media/static/0b4785c8-4aef-45fe-95a2-519b5ae63281.jpg','file',2352,'jpg',1),('1196c3f5-55fd-4ca3-8a9a-f815e59068c7','2021-08-22 13:56:04.033000','/media/static/1196c3f5-55fd-4ca3-8a9a-f815e59068c7.jpg','file',1664,'jpg',1),('1da9ec1b-dce8-4cf5-a2db-569e8a35c895','2021-08-22 13:55:55.661000','/media/static/1da9ec1b-dce8-4cf5-a2db-569e8a35c895.jpg','file',3050,'jpg',1),('23846b4d-4790-4b04-b3ab-9b4e05f58ad8','2021-08-22 13:59:35.146000','/media/static/23846b4d-4790-4b04-b3ab-9b4e05f58ad8.jpg','file',523580,'jpg',1),('282930fb-ef57-407e-89b7-2cfdb5cf43a0','2021-08-22 13:49:34.935000','/media/static/282930fb-ef57-407e-89b7-2cfdb5cf43a0.jpg','file',37903,'jpg',1),('3192cffa-d1af-4b88-aa96-fb4654d2db2c','2021-08-22 13:51:19.755000','/media/static/3192cffa-d1af-4b88-aa96-fb4654d2db2c.jpg','file',1784,'jpg',1),('3bfe4266-cb35-4997-9cd1-b616a646f06d','2021-08-22 13:53:50.844000','/media/static/3bfe4266-cb35-4997-9cd1-b616a646f06d.jpg','file',2564,'jpg',1),('4c48ecde-7f9d-43ff-8e4a-33775902dbd9','2021-08-22 13:57:32.889000','/media/static/4c48ecde-7f9d-43ff-8e4a-33775902dbd9.jpg','file',278809,'jpg',1),('5666f43f-1b9d-4dfd-aaf0-d61e83d04929','2021-08-22 13:56:01.626000','/media/static/5666f43f-1b9d-4dfd-aaf0-d61e83d04929.jpg','file',3274,'jpg',1),('5d72dcda-30cf-4931-b7ab-5157fb04fb09','2021-08-22 13:53:48.030000','/media/static/5d72dcda-30cf-4931-b7ab-5157fb04fb09.jpg','file',2570,'jpg',1),('6f1de8cc-84cd-4da8-9e73-1b27bbf0058d','2021-08-22 13:49:26.663000','/media/static/6f1de8cc-84cd-4da8-9e73-1b27bbf0058d.jpg','file',40297,'jpg',1),('88c9783f-3bb0-4206-83a9-361f65d72fd1','2021-08-22 13:52:34.938000','/media/static/88c9783f-3bb0-4206-83a9-361f65d72fd1.jpg','file',1872,'jpg',1),('8b28fb59-6135-4edd-a9e9-62f2f489f041','2021-08-22 13:55:06.200000','/media/static/8b28fb59-6135-4edd-a9e9-62f2f489f041.jpg','file',1290,'jpg',1),('8dfa42c1-fdb4-4f4e-a53a-d45d62dbc936','2021-08-22 13:53:44.995000','/media/static/8dfa42c1-fdb4-4f4e-a53a-d45d62dbc936.jpg','file',2478,'jpg',1),('95024d25-0d4a-422c-b07e-e7cf12548279','2021-08-22 13:51:25.374000','/media/static/95024d25-0d4a-422c-b07e-e7cf12548279.jpg','file',2044,'jpg',1),('963f9593-a6d2-4a5d-ae07-87b7b9feab45','2021-08-22 13:55:59.070000','/media/static/963f9593-a6d2-4a5d-ae07-87b7b9feab45.jpg','file',3340,'jpg',1),('988dd7b0-5e8b-4707-a910-b9877970c071','2021-08-22 13:49:29.829000','/media/static/988dd7b0-5e8b-4707-a910-b9877970c071.png','file',87469,'png',1),('a1617322-8bc9-49d4-a6f7-b79c0fe4d30f','2021-08-22 13:52:41.328000','/media/static/a1617322-8bc9-49d4-a6f7-b79c0fe4d30f.jpg','file',1914,'jpg',1),('b5075993-78c4-4470-aa5e-99a0ba229162','2021-08-22 13:55:03.356000','/media/static/b5075993-78c4-4470-aa5e-99a0ba229162.jpg','file',2214,'jpg',1),('b915dbe3-1aaa-4d3f-b14f-f716a3bad457','2021-08-22 13:49:32.293000','/media/static/b915dbe3-1aaa-4d3f-b14f-f716a3bad457.png','file',3690,'png',1),('bedc7a79-05b9-40ac-ba26-ba312c5da2dd','2021-08-22 13:51:22.766000','/media/static/bedc7a79-05b9-40ac-ba26-ba312c5da2dd.jpg','file',1614,'jpg',1),('f31cfad6-07c9-48fc-a1ca-cfbba534e01b','2021-08-22 13:54:54.752000','/media/static/f31cfad6-07c9-48fc-a1ca-cfbba534e01b.jpg','file',2532,'jpg',1),('fd7ea8d3-a15b-4320-a0c4-227902fd700c','2021-08-22 13:52:38.364000','/media/static/fd7ea8d3-a15b-4320-a0c4-227902fd700c.jpg','file',2138,'jpg',1);
/*!40000 ALTER TABLE `images` ENABLE KEYS */;
UNLOCK TABLES;
/*!40103 SET TIME_ZONE=@OLD_TIME_ZONE */;

/*!40101 SET SQL_MODE=@OLD_SQL_MODE */;
/*!40014 SET FOREIGN_KEY_CHECKS=@OLD_FOREIGN_KEY_CHECKS */;
/*!40014 SET UNIQUE_CHECKS=@OLD_UNIQUE_CHECKS */;
/*!40101 SET CHARACTER_SET_CLIENT=@OLD_CHARACTER_SET_CLIENT */;
/*!40101 SET CHARACTER_SET_RESULTS=@OLD_CHARACTER_SET_RESULTS */;
/*!40101 SET COLLATION_CONNECTION=@OLD_COLLATION_CONNECTION */;
/*!40111 SET SQL_NOTES=@OLD_SQL_NOTES */;

-- Dump completed on 2021-08-22 21:39:46

-- MySQL dump 10.13  Distrib 8.0.25, for Win64 (x86_64)
--
-- Host: localhost    Database: shoes
-- ------------------------------------------------------
-- Server version	8.0.25

/*!40101 SET @OLD_CHARACTER_SET_CLIENT=@@CHARACTER_SET_CLIENT */;
/*!40101 SET @OLD_CHARACTER_SET_RESULTS=@@CHARACTER_SET_RESULTS */;
/*!40101 SET @OLD_COLLATION_CONNECTION=@@COLLATION_CONNECTION */;
/*!50503 SET NAMES utf8 */;
/*!40103 SET @OLD_TIME_ZONE=@@TIME_ZONE */;
/*!40103 SET TIME_ZONE='+00:00' */;
/*!40014 SET @OLD_UNIQUE_CHECKS=@@UNIQUE_CHECKS, UNIQUE_CHECKS=0 */;
/*!40014 SET @OLD_FOREIGN_KEY_CHECKS=@@FOREIGN_KEY_CHECKS, FOREIGN_KEY_CHECKS=0 */;
/*!40101 SET @OLD_SQL_MODE=@@SQL_MODE, SQL_MODE='NO_AUTO_VALUE_ON_ZERO' */;
/*!40111 SET @OLD_SQL_NOTES=@@SQL_NOTES, SQL_NOTES=0 */;

--
-- Table structure for table `orders`
--

DROP TABLE IF EXISTS `orders`;
/*!40101 SET @saved_cs_client     = @@character_set_client */;
/*!50503 SET character_set_client = utf8mb4 */;
CREATE TABLE `orders` (
  `id` bigint NOT NULL AUTO_INCREMENT,
  `created_at` datetime(6) DEFAULT NULL,
  `modified_at` datetime(6) DEFAULT NULL,
  `note` varchar(255) DEFAULT NULL,
  `price` bigint DEFAULT NULL,
  `promotion` json DEFAULT NULL,
  `quantity` int DEFAULT NULL,
  `receiver_address` varchar(255) DEFAULT NULL,
  `receiver_name` varchar(255) DEFAULT NULL,
  `receiver_phone` varchar(255) DEFAULT NULL,
  `size` int DEFAULT NULL,
  `status` int DEFAULT NULL,
  `total_price` bigint DEFAULT NULL,
  `buyer` bigint DEFAULT NULL,
  `created_by` bigint DEFAULT NULL,
  `modified_by` bigint DEFAULT NULL,
  `product_id` varchar(255) DEFAULT NULL,
  PRIMARY KEY (`id`),
  KEY `FKljvc97l19m7cnlopv8535hijx` (`buyer`),
  KEY `FKtjwuphstqm46uffgc7l1r27a9` (`created_by`),
  KEY `FKe0abpy849bl2ynw3468ksavvl` (`modified_by`),
  KEY `FK787ibr3guwp6xobrpbofnv7le` (`product_id`),
  CONSTRAINT `FK787ibr3guwp6xobrpbofnv7le` FOREIGN KEY (`product_id`) REFERENCES `product` (`id`),
  CONSTRAINT `FKe0abpy849bl2ynw3468ksavvl` FOREIGN KEY (`modified_by`) REFERENCES `users` (`id`),
  CONSTRAINT `FKljvc97l19m7cnlopv8535hijx` FOREIGN KEY (`buyer`) REFERENCES `users` (`id`),
  CONSTRAINT `FKtjwuphstqm46uffgc7l1r27a9` FOREIGN KEY (`created_by`) REFERENCES `users` (`id`)
) ENGINE=InnoDB AUTO_INCREMENT=6 DEFAULT CHARSET=utf8mb4 COLLATE=utf8mb4_0900_ai_ci;
/*!40101 SET character_set_client = @saved_cs_client */;

--
-- Dumping data for table `orders`
--

LOCK TABLES `orders` WRITE;
/*!40000 ALTER TABLE `orders` DISABLE KEYS */;
INSERT INTO `orders` VALUES (1,'2021-08-22 14:05:06.764000','2021-08-22 14:17:17.498000','Giao hàng trong giờ hành chính',1750000,NULL,1,'Vĩnh Hưng Hoàng Mai Hà Nội','user','0969708715',35,5,1600000,2,2,1,'u2aJZe'),(2,'2021-08-22 14:14:17.135000','2021-08-22 14:17:03.103000','',1450000,NULL,1,'Hải Dương','Thảo Trang','0378246453',39,2,1300000,3,3,1,'Eq1H5L'),(3,'2021-08-22 14:15:06.950000',NULL,'',1750000,NULL,1,'Hd','Phương','0378246453',40,1,1600000,4,4,NULL,'u2aJZe'),(4,'2021-08-22 14:15:57.784000','2021-08-22 14:16:48.662000','',1450000,NULL,1,'HN','Linh','0378246453',39,3,1300000,5,5,1,'Eq1H5L'),(5,'2021-08-22 14:18:04.242000','2021-08-22 14:18:43.548000','',1750000,NULL,1,'HN','admin','0969708715',35,4,1600000,1,1,1,'u2aJZe');
/*!40000 ALTER TABLE `orders` ENABLE KEYS */;
UNLOCK TABLES;
/*!40103 SET TIME_ZONE=@OLD_TIME_ZONE */;

/*!40101 SET SQL_MODE=@OLD_SQL_MODE */;
/*!40014 SET FOREIGN_KEY_CHECKS=@OLD_FOREIGN_KEY_CHECKS */;
/*!40014 SET UNIQUE_CHECKS=@OLD_UNIQUE_CHECKS */;
/*!40101 SET CHARACTER_SET_CLIENT=@OLD_CHARACTER_SET_CLIENT */;
/*!40101 SET CHARACTER_SET_RESULTS=@OLD_CHARACTER_SET_RESULTS */;
/*!40101 SET COLLATION_CONNECTION=@OLD_COLLATION_CONNECTION */;
/*!40111 SET SQL_NOTES=@OLD_SQL_NOTES */;

-- Dump completed on 2021-08-22 21:39:47

-- MySQL dump 10.13  Distrib 8.0.25, for Win64 (x86_64)
--
-- Host: localhost    Database: shoes
-- ------------------------------------------------------
-- Server version	8.0.25

/*!40101 SET @OLD_CHARACTER_SET_CLIENT=@@CHARACTER_SET_CLIENT */;
/*!40101 SET @OLD_CHARACTER_SET_RESULTS=@@CHARACTER_SET_RESULTS */;
/*!40101 SET @OLD_COLLATION_CONNECTION=@@COLLATION_CONNECTION */;
/*!50503 SET NAMES utf8 */;
/*!40103 SET @OLD_TIME_ZONE=@@TIME_ZONE */;
/*!40103 SET TIME_ZONE='+00:00' */;
/*!40014 SET @OLD_UNIQUE_CHECKS=@@UNIQUE_CHECKS, UNIQUE_CHECKS=0 */;
/*!40014 SET @OLD_FOREIGN_KEY_CHECKS=@@FOREIGN_KEY_CHECKS, FOREIGN_KEY_CHECKS=0 */;
/*!40101 SET @OLD_SQL_MODE=@@SQL_MODE, SQL_MODE='NO_AUTO_VALUE_ON_ZERO' */;
/*!40111 SET @OLD_SQL_NOTES=@@SQL_NOTES, SQL_NOTES=0 */;

--
-- Table structure for table `post`
--

DROP TABLE IF EXISTS `post`;
/*!40101 SET @saved_cs_client     = @@character_set_client */;
/*!50503 SET character_set_client = utf8mb4 */;
CREATE TABLE `post` (
  `id` bigint NOT NULL AUTO_INCREMENT,
  `content` text,
  `created_at` datetime(6) DEFAULT NULL,
  `description` text,
  `modified_at` datetime(6) DEFAULT NULL,
  `published_at` datetime(6) DEFAULT NULL,
  `slug` varchar(600) NOT NULL,
  `status` int DEFAULT '0',
  `thumbnail` varchar(255) DEFAULT NULL,
  `title` varchar(300) NOT NULL,
  `created_by` bigint DEFAULT NULL,
  `modified_by` bigint DEFAULT NULL,
  PRIMARY KEY (`id`),
  KEY `FK3b6cq7u0x3fdxeh4sq95mia29` (`created_by`),
  KEY `FKl2q2idcap1gt3qhh87ebirpnc` (`modified_by`),
  CONSTRAINT `FK3b6cq7u0x3fdxeh4sq95mia29` FOREIGN KEY (`created_by`) REFERENCES `users` (`id`),
  CONSTRAINT `FKl2q2idcap1gt3qhh87ebirpnc` FOREIGN KEY (`modified_by`) REFERENCES `users` (`id`)
) ENGINE=InnoDB AUTO_INCREMENT=3 DEFAULT CHARSET=utf8mb4 COLLATE=utf8mb4_0900_ai_ci;
/*!40101 SET character_set_client = @saved_cs_client */;

--
-- Dumping data for table `post`
--

LOCK TABLES `post` WRITE;
/*!40000 ALTER TABLE `post` DISABLE KEYS */;
INSERT INTO `post` VALUES 
(1,'<p>&nbsp;</p>','2021-08-22 13:58:02.150000','<p style=\"margin-bottom: 10px; color: rgb(125, 125, 125); font-family: &quot;Roboto Condensed&quot;, sans-serif; font-size: 16px;\"><span style=\"color: rgb(0, 0, 0);\">Chào các bạn. Mình là Tú admin Tu Shoes và hôm nay mình sẽ giải thích cho các bạn hiểu ntn là rep 1:1 và những vấn đề liên quan đến các chất lượng giày hiện nay. Cá nhân mình đã làm trong ngành này cũng 2 năm rồi và cũng hơn chục lần đi tham quan rất nhiều xưởng sản xuất và cũng đã trải nghiệm quá nhiều hàng real và rep 1:1 lẫn rất nhiều chất lượng khác rồi nên hôm nay mình sẽ giải thích rõ ràng nhất về chất lượng rep 1:1 cho các bạn hiểu.</span></p><p style=\"margin-bottom: 10px; color: rgb(125, 125, 125); font-family: &quot;Roboto Condensed&quot;, sans-serif; font-size: 16px;\">&nbsp;</p><p style=\"margin-bottom: 10px; color: rgb(125, 125, 125); font-family: &quot;Roboto Condensed&quot;, sans-serif; font-size: 16px;\"><span style=\"color: rgb(0, 0, 0);\"><strong>Thứ 1: Rep 1:1 là gì ?&nbsp;</strong></span></p><p style=\"margin-bottom: 10px; color: rgb(125, 125, 125); font-family: &quot;Roboto Condensed&quot;, sans-serif; font-size: 16px;\"><span style=\"color: rgb(0, 0, 0);\">Rep 1:1 là từ viết tắt của Replica 1:1 ám chỉ hàng fake được sản xuất cao cấp nhất, chất lượng tốt nhất và giống với real nhất. Nó có thể giống đến&nbsp;<strong>98%-99%</strong>&nbsp;hay có những bạn đánh giá nếu real được 10 điểm thì rep 1:1 sẽ được 9 điểm - 9,5 điểm.&nbsp;</span></p><p style=\"margin-bottom: 10px; color: rgb(125, 125, 125); font-family: &quot;Roboto Condensed&quot;, sans-serif; font-size: 16px;\"><span style=\"color: rgb(0, 0, 0);\">Về&nbsp;<strong>so sánh Rep 1:1 với Real</strong>&nbsp;thì khi mà các bạn không cầm trên tay 2 mẫu thì cực kì rất khó để so sánh hay nhận biết được nó là hàng rep 1:1 hay real. Phải những bạn chuyên gia kiểu cầm lên check thì mới biết được. Còn nếu bạn đi rep 1:1 ngoài đường thì không ai nói bạn đang đi 1 đôi giày fake cả. Kể cả những người tìm hiểu về giày và tiếp xúc thường xuyên như mình đây cảm giác nhìn nhìn 1 đôi rep 1:1 trên chân cũng khó có thể biết được đó là rep 1:1 hay real [ Mình nhắc lại là đã 2 năm và ngày nào mình cũng tìm hiểu về giày và tiếp xúc với giày ]</span></p><p style=\"margin-bottom: 10px; color: rgb(125, 125, 125); font-family: &quot;Roboto Condensed&quot;, sans-serif; font-size: 16px;\"><span style=\"color: rgb(0, 0, 0);\">Tùy vào mẫu thì các chất lượng rep 1:1 sẽ khác với chính hãng 1 số vấn đề sau [ form dáng , chi tiết tem, màu sắc ] Và lưu ý là các điểm khác này là rất nhỏ, hầu như nguyên liệu làm 1 chiếc giày rep 1:1 với real là giống nhau. Về màu sắc thì khác nhau rất ít chỉ có đậm hơn 1 chút hoặc nhạt hơn 1 chút rất khó để kiểm tra nếu bạn không có 2 đôi rep 1:1 và real để so sánh.</span></p><p style=\"margin-bottom: 10px; color: rgb(125, 125, 125); font-family: &quot;Roboto Condensed&quot;, sans-serif; font-size: 16px;\"><span style=\"color: rgb(0, 0, 0);\">Chính vì rep 1:1 rất khó check với real nên có rất&nbsp;<strong>nhiều cửa hàng mang tiếng bán giày chính hãng</strong>&nbsp;nhưng thực chất là đang bán rep 1:1 với giá giày real. Cụ thể các bạn tìm kiếm trên google từ khóa như những cửa hàng bán giày chính hãng lừa đảo sẽ ra 1 danh sách rất nhiều luôn nhé.</span></p><p style=\"margin-bottom: 10px; color: rgb(125, 125, 125); font-family: &quot;Roboto Condensed&quot;, sans-serif; font-size: 16px;\"><span style=\"color: rgb(0, 0, 0);\">Bên cạnh đó cũng có&nbsp;<strong>rất nhiều cửa hàng bán hàng kém chất lượng</strong>&nbsp;như những chất lượng fake 1, super fake tự nhận mình đang bán hàng rep 1:1 vì họ muốn lừa những khách hàng của họ là tôi là cửa hàng bán rep 1:1 rẻ nhất nhưng thực chất những thứ bạn nhận được chỉ là chất lượng kém. Về chất lượng kém chỉ cần mình nhìn lướt qua là có thể biết được chứ không phải giống với những sản phẩm rep 1:1 cao cấp rất khó để nhận biết đến nỗi có thể trộn rep 1:1 với real để bán.</span></p><p style=\"margin-bottom: 10px; color: rgb(125, 125, 125); font-family: &quot;Roboto Condensed&quot;, sans-serif; font-size: 16px;\"><span style=\"color: rgb(0, 0, 0);\">Vậy với những đặc điểm như vậy. Rep 1:1 so sánh với real sẽ đạt được 98% thì&nbsp;<strong>mức giá&nbsp;</strong>bán rep 1:1 sẽ rơi vào 1/2 cho đến 1/3 so với giá real. Vì chất liệu và độ tỉ mỉ rep 1:1 mang lại sẽ không hề có mức giá quá thấp. Và đặc điểm là rep 1:1 chỉ sản xuất những đôi giày giống real. Có nghĩa là khi real có phiên bản nào thì rep 1:1 sẽ mua sản phẩm đấy về và sản xuất phối màu và chất liệu chât lượng tương tự. Xưởng rep 1:1 sẽ không tự ý sản xuất ra những đôi giày mà không có hàng chính hãng để so sánh.</span></p><p style=\"margin-bottom: 10px; color: rgb(125, 125, 125); font-family: &quot;Roboto Condensed&quot;, sans-serif; font-size: 16px;\"><span style=\"color: rgb(0, 0, 0);\"><strong>Thứ 2: Những ai sẽ lựa chọn rep 1:1 ?</strong></span></p><p style=\"margin-bottom: 10px; color: rgb(125, 125, 125); font-family: &quot;Roboto Condensed&quot;, sans-serif; font-size: 16px;\"><span style=\"color: rgb(0, 0, 0);\">Mình có tham khảo khá nhiều khách hàng lựa chọn rep 1:1 thành viên Tu Shoes thì mình nhận được rất nhiều những ý kiến về khách hàng tìm đến cửa hàng mình đa số về tiết kiệm chi phí cũng như là họ không thể tìm thấy những đôi giày real đó bán ở Việt Nam.&nbsp;</span></p><p style=\"margin-bottom: 10px; color: rgb(125, 125, 125); font-family: &quot;Roboto Condensed&quot;, sans-serif; font-size: 16px;\"><span style=\"color: rgb(0, 0, 0);\">Ví dụ như những đôi giày&nbsp;<strong>Yeezy&nbsp;</strong>được sản xuất số lượng hạn chế [&nbsp;<strong>limited</strong>&nbsp;] khó có thể mua được ở Việt Nam cũng như là % cao mua được giày rep 1:1 với giá 8-15tr là rất cao nên họ quyết định chọn đến rep 1:1 real boost với giá bằng 1/3 với ~3tr . Hay những dòng&nbsp;<strong>Vans vault&nbsp;</strong>cứ được&nbsp;<strong>Restock&nbsp;</strong>[ Làm lại ] bán chính hãng ở Việt Nam thì không thể mua được nên khách hàng sẽ lựa chọn rep 1:1 với giá = 1/3 khoảng ~800k - 900k. Vì Vans Vault cực kì khó mua và có mức giá từ 2tr4-3tr5 tùy phiên bản nên những cửa hàng mang rep 1:1 bán giá real sẽ rơi vào giá hơn 1tr để lừa khách hàng thì các bạn nên cẩn thận và check kĩ cũng như là nên tránh những cửa hàng đã từng bị phốt.&nbsp;</span></p><p style=\"margin-bottom: 10px; color: rgb(125, 125, 125); font-family: &quot;Roboto Condensed&quot;, sans-serif; font-size: 16px;\"><span style=\"color: rgb(0, 0, 0);\">Tiếp đến khi mình quyết định chỉ mang&nbsp;<strong>chất lượng tốt nhất</strong>&nbsp;đến với khách hàng cũng là lúc nhiều cửa hàng bán hàng Super fake cũ cũng như bán hàng fake 1 cũ với mức giá 300k - 1tr / 1 sản phẩm cũng đã nói đó là hàng rep 1:1 dẫn đến việc có quá nhiều người loạn về hàng hóa không biết và hiểu rõ rep 1:1 là gì? Các bạn có thể để ý đến cách đây 2 năm mình đưa rep 1:1 lên và kể từ lúc đó rep 1:1 thành trào lưu của tất cả mọi người :\"&gt;.</span></p><p style=\"margin-bottom: 10px; color: rgb(125, 125, 125); font-family: &quot;Roboto Condensed&quot;, sans-serif; font-size: 16px;\"><span style=\"color: rgb(0, 0, 0);\"><strong>Thực tế bán hàng chuẩn rep 1:1 ở Việt Nam</strong>&nbsp;theo mình được biết còn chưa có đến 5 cửa hàng. Vì đơn giản người Việt Nam chỉ thích những hàng rẻ và không quan tâm về chất lượng. Chỉ để ý 2 mẫu giống nhau nhưng không biết thực chất là 2 sản phẩm chất lượng khác nhau và khách hàng sẽ lựa chọn rẻ hơn. Và thực tế thì cửa hàng mình đã bị rất nhiều cửa hàng khác ăn trộm ảnh, chỉnh sửa ảnh và xóa toàn bộ logo của Tu Shoes trên hình ảnh và chèn vào đó là icon.</span></p><p style=\"margin-bottom: 10px; color: rgb(125, 125, 125); font-family: &quot;Roboto Condensed&quot;, sans-serif; font-size: 16px;\"><span style=\"color: rgb(0, 0, 0);\"><strong>Kết Luận:</strong></span></p><p style=\"margin-bottom: 10px; color: rgb(125, 125, 125); font-family: &quot;Roboto Condensed&quot;, sans-serif; font-size: 16px;\"><span style=\"color: rgb(0, 0, 0);\">Trên đây thì mình không có khuyên bạn phải sử dụng hàng này hay hàng kia. Tùy vào mục đích sử dụng của các bạn thì các bạn sẽ chọn những sản phẩm phù hợp. Các bạn là khách hàng và các bạn xứng đáng nhận được những gì tốt nhất cho sự lựa chọn của các bạn. Mình chỉ nhắc các bạn là chất lượng đi kèm với giá cả và đừng để người khác lừa bạn vì họ là những người không đủ để các bạn tin tưởng gửi gắm.&nbsp;</span></p><p style=\"margin-bottom: 10px; color: rgb(125, 125, 125); font-family: &quot;Roboto Condensed&quot;, sans-serif; font-size: 16px;\"><span style=\"color: rgb(0, 0, 0);\">Chân thành cảm ơn các bạn đã xem bài viết đánh giá của mình. Có góp ý gì hay hỏi đáp gì các bạn cứ cmt bên dưới mình sẽ trả lời cho các bạn bằng tất cả khả năng kinh nghiệm của mình. Đừng quên mình cũng nhận check giày giúp các bạn nha. &lt;3</span></p>',NULL,'2021-08-22 13:58:02.150000','giay-rep-1-1-la-gi-co-nen-chon-giay-rep-1-1-giay-replica-va-replica-1-1-va-lua-ao-ban-giay-replica',1,'/media/static/4c48ecde-7f9d-43ff-8e4a-33775902dbd9.jpg','Giày Rep 1:1 là gì? Có nên chọn giày rep 1:1? Giày replica và replica 1:1 và lừa đảo bán giày replica ?',1,NULL),
(2,'<p>&nbsp;</p>','2021-08-22 13:59:40.506000','<p style=\"margin-bottom: 10px; color: rgb(125, 125, 125); font-family: &quot;Roboto Condensed&quot;, sans-serif; font-size: 16px;\"><span style=\"font-size: 18px;\"><u><strong><span style=\"color: rgb(0, 0, 0);\">Vì Sao Giày Chuẩn Rep 1:1 Tu Shoes Lại Rẻ Nhất ?</span></strong></u></span></p><p style=\"margin-bottom: 10px; color: rgb(125, 125, 125); font-family: &quot;Roboto Condensed&quot;, sans-serif; font-size: 16px;\"><span style=\"color: rgb(0, 0, 0);\"><strong>1. Nhập hàng trực tiếp từ nhà máy.</strong></span></p><p style=\"margin-bottom: 10px; color: rgb(125, 125, 125); font-family: &quot;Roboto Condensed&quot;, sans-serif; font-size: 16px;\"><span style=\"color: rgb(0, 0, 0);\">Toàn bộ sản phẩm Tu Shoes đều được nhập trực tiếp từ nhà máy. Không thông qua trung gian cũng như là kiểm tra về chất lượng sản phẩm nghiêm ngặt qua nhiều bước nên Tu Shoes luôn cam kết mang đến chất lượng tốt nhất với giá tốt nhất.</span></p><p style=\"margin-bottom: 10px; color: rgb(125, 125, 125); font-family: &quot;Roboto Condensed&quot;, sans-serif; font-size: 16px;\"><span style=\"color: rgb(0, 0, 0);\"><strong>2. Đúng Giá Đúng Chất Lượng [ Nói Không Với Lừa Đảo, Bán Hàng Rác , Trộn Hàng Hoặc Đôn Hàng ]</strong></span></p><p style=\"margin-bottom: 10px; color: rgb(125, 125, 125); font-family: &quot;Roboto Condensed&quot;, sans-serif; font-size: 16px;\"><span style=\"color: rgb(0, 0, 0);\">Mọi người hay so sánh đặt câu hỏi là vì sao cửa hàng này đắt hơn cửa hàng khác 200k, 300k hay thậm chí là 500k ? Đơn giản vì&nbsp;<strong>chất lượng hoàn toàn khác nhau</strong>&nbsp;. Tu Shoes đã làm việc trong ngành giày hơn 3 năm và hiểu rõ điều này. Nếu cửa hàng khác bán chất lượng tương tự mà giá rẻ hơn rất nhiều vậy tại sao Tu Shoes không sang bên cửa hàng đó nhập hết hàng bên đó về và bán giá cao để kiếm lời ? Chỉ đơn giản là&nbsp;<strong>chất lượng hoàn toàn khác nhau cho nên giá tiền cũng hoàn toàn khác nhau&nbsp;</strong>và những cửa hàng bán hàng rẻ tiền quảng cáo chất lượng Rep 1:1 chuẩn là đang&nbsp;<strong>lừa đảo khách hàng.</strong></span></p><p style=\"margin-bottom: 10px; color: rgb(125, 125, 125); font-family: &quot;Roboto Condensed&quot;, sans-serif; font-size: 16px;\">&nbsp;</p><p style=\"margin-bottom: 10px; color: rgb(125, 125, 125); font-family: &quot;Roboto Condensed&quot;, sans-serif; font-size: 16px;\"><span style=\"color: rgb(0, 0, 0);\"><strong>Ví Dụ:&nbsp;</strong>Khách hàng đặt 1 sản phẩm A của Tu Shoes thì shop sẽ mất thời gian khoảng 7-10 ngày để sản phẩm đó có thể vận chuyển từ&nbsp;<b>Nhà Máy&nbsp;</b>về đến shop để giao hàng hóa hay sản phẩm chất lượng cho bạn khách hàng.</span></p><p style=\"margin-bottom: 10px; color: rgb(125, 125, 125); font-family: &quot;Roboto Condensed&quot;, sans-serif; font-size: 16px;\"><span style=\"color: rgb(0, 0, 0);\">Nếu những cửa hàng khác&nbsp;cũng bán hàng rep 1:1 chất lượng tốt mà giá rẻ tại sao bên shop không qua đó lấy hàng chất lượng tốt giá rẻ như quảng cáo để trả hàng cho khách, không phải bắt khách đợi 7-10 ngày nữa&nbsp;?&nbsp;<strong>Chỉ đơn giản là những cửa hàng đó đang lừa đảo khách hàng và hàng hóa đó không đủ tiêu chuẩn Rep 1:1 như đã quảng cáo để mang đến cho khách hàng những chất lượng tốt nhất.</strong></span></p><p style=\"margin-bottom: 10px; color: rgb(125, 125, 125); font-family: &quot;Roboto Condensed&quot;, sans-serif; font-size: 16px;\"><span style=\"color: rgb(0, 0, 0);\"><strong><u>Vì thế đúng giá rẻ nhất và đúng chất lượng tốt nhất chỉ có tại Tu Shoes</u></strong></span></p><p style=\"margin-bottom: 10px; color: rgb(125, 125, 125); font-family: &quot;Roboto Condensed&quot;, sans-serif; font-size: 16px;\">&nbsp;</p><p style=\"margin-bottom: 10px; color: rgb(125, 125, 125); font-family: &quot;Roboto Condensed&quot;, sans-serif; font-size: 16px;\"><span style=\"color: rgb(0, 0, 0);\"><strong>3. Cửa hàng Uy Tín.</strong></span></p><p style=\"margin-bottom: 10px; color: rgb(125, 125, 125); font-family: &quot;Roboto Condensed&quot;, sans-serif; font-size: 16px;\"><span style=\"color: rgb(0, 0, 0);\">&nbsp;Với 1 cửa hàng uy tín thì thực hiện đầy đủ cam kết với khách hàng từ bảo hành hàng hóa, đổi trả hàng hóa cũng như việc nâng cao chất lượng phục vụ là điều quan trọng nhất.</span></p><p style=\"margin-bottom: 10px; color: rgb(125, 125, 125); font-family: &quot;Roboto Condensed&quot;, sans-serif; font-size: 16px;\"><span style=\"color: rgb(0, 0, 0);\">Với TuShoes bạn có thể:</span></p><p style=\"margin-bottom: 10px; color: rgb(125, 125, 125); font-family: &quot;Roboto Condensed&quot;, sans-serif; font-size: 16px;\"><span style=\"color: rgb(0, 0, 0);\">&nbsp;-&nbsp;<b>Đổi Hoặc Trả</b>&nbsp;sản phẩm trong 7 ngày [ Với giày chưa sử dụng không kể lí do&nbsp;]</span></p><p style=\"margin-bottom: 10px; color: rgb(125, 125, 125); font-family: &quot;Roboto Condensed&quot;, sans-serif; font-size: 16px;\"><span style=\"color: rgb(0, 0, 0);\">Bạn sẽ có 7 ngày để kiểm tra chất lượng sản phẩm, bạn có thể mang giày đi mọi cửa hàng khác để có thể so sánh về chất lượng, so sánh về giá và nếu bạn thấy bên cửa hàng Tu Shoes sai về cam kết chất lượng tốt nhất giá tốt nhất thì bạn cứ mang trả lại cho Tu Shoes.</span></p><p style=\"margin-bottom: 10px; color: rgb(125, 125, 125); font-family: &quot;Roboto Condensed&quot;, sans-serif; font-size: 16px;\"><span style=\"color: rgb(0, 0, 0);\">-&nbsp;<strong>Bảo hành 1 đổi 1 t</strong>rong 3 tháng với lỗi từ nhà sản xuất</span></p><p style=\"margin-bottom: 10px; color: rgb(125, 125, 125); font-family: &quot;Roboto Condensed&quot;, sans-serif; font-size: 16px;\"><span style=\"color: rgb(0, 0, 0);\">Với bất kì lỗi nào từ nhà máy như chất lượng không đảm bảo dẫn đến việc bung keo thì bên mình hỗ trợ nhận lại giày và đổi cho khách hàng sản phẩm mới.</span></p><p style=\"margin-bottom: 10px; color: rgb(125, 125, 125); font-family: &quot;Roboto Condensed&quot;, sans-serif; font-size: 16px;\"><span style=\"color: rgb(0, 0, 0);\">-&nbsp;<strong>Hỗ trợ bảo hành và sửa chữa miễn phí</strong></span></p><p style=\"margin-bottom: 10px; color: rgb(125, 125, 125); font-family: &quot;Roboto Condensed&quot;, sans-serif; font-size: 16px;\"><span style=\"color: rgb(0, 0, 0);\">Với những sản phẩm sau 3 tháng mà gặp lỗi từ giày thì bên shop vẫn sẽ nhận về và hỗ trợ sửa lại giày miễn phí cho khách hàng.</span></p>',NULL,'2021-08-22 13:59:40.506000','giay-rep-1-1-chuan-gia-re-nhat-tu-shoes',1,'/media/static/23846b4d-4790-4b04-b3ab-9b4e05f58ad8.jpg','Giày Rep 1:1 Chuẩn Giá Rẻ Nhất - Tu Shoes',1,NULL);
/*!40000 ALTER TABLE `post` ENABLE KEYS */;
UNLOCK TABLES;
/*!40103 SET TIME_ZONE=@OLD_TIME_ZONE */;

/*!40101 SET SQL_MODE=@OLD_SQL_MODE */;
/*!40014 SET FOREIGN_KEY_CHECKS=@OLD_FOREIGN_KEY_CHECKS */;
/*!40014 SET UNIQUE_CHECKS=@OLD_UNIQUE_CHECKS */;
/*!40101 SET CHARACTER_SET_CLIENT=@OLD_CHARACTER_SET_CLIENT */;
/*!40101 SET CHARACTER_SET_RESULTS=@OLD_CHARACTER_SET_RESULTS */;
/*!40101 SET COLLATION_CONNECTION=@OLD_COLLATION_CONNECTION */;
/*!40111 SET SQL_NOTES=@OLD_SQL_NOTES */;

-- Dump completed on 2021-08-22 21:39:47
-- MySQL dump 10.13  Distrib 8.0.25, for Win64 (x86_64)
--
-- Host: localhost    Database: shoes
-- ------------------------------------------------------
-- Server version	8.0.25

/*!40101 SET @OLD_CHARACTER_SET_CLIENT=@@CHARACTER_SET_CLIENT */;
/*!40101 SET @OLD_CHARACTER_SET_RESULTS=@@CHARACTER_SET_RESULTS */;
/*!40101 SET @OLD_COLLATION_CONNECTION=@@COLLATION_CONNECTION */;
/*!50503 SET NAMES utf8 */;
/*!40103 SET @OLD_TIME_ZONE=@@TIME_ZONE */;
/*!40103 SET TIME_ZONE='+00:00' */;
/*!40014 SET @OLD_UNIQUE_CHECKS=@@UNIQUE_CHECKS, UNIQUE_CHECKS=0 */;
/*!40014 SET @OLD_FOREIGN_KEY_CHECKS=@@FOREIGN_KEY_CHECKS, FOREIGN_KEY_CHECKS=0 */;
/*!40101 SET @OLD_SQL_MODE=@@SQL_MODE, SQL_MODE='NO_AUTO_VALUE_ON_ZERO' */;
/*!40111 SET @OLD_SQL_NOTES=@@SQL_NOTES, SQL_NOTES=0 */;

--
-- Table structure for table `product`
--

DROP TABLE IF EXISTS `product`;
/*!40101 SET @saved_cs_client     = @@character_set_client */;
/*!50503 SET character_set_client = utf8mb4 */;
CREATE TABLE `product` (
  `id` varchar(255) NOT NULL,
  `created_at` datetime(6) DEFAULT NULL,
  `description` text,
  `image_feedback` json DEFAULT NULL,
  `images` json DEFAULT NULL,
  `modified_at` datetime(6) DEFAULT NULL,
  `name` varchar(300) NOT NULL,
  `price` bigint DEFAULT NULL,
  `sale_price` bigint DEFAULT NULL,
  `slug` varchar(255) NOT NULL,
  `status` int DEFAULT NULL,
  `total_sold` bigint DEFAULT NULL,
  `product_view` int DEFAULT NULL,
  `brand_id` bigint DEFAULT NULL,
  PRIMARY KEY (`id`),
  KEY `FKs6cydsualtsrprvlf2bb3lcam` (`brand_id`),
  CONSTRAINT `FKs6cydsualtsrprvlf2bb3lcam` FOREIGN KEY (`brand_id`) REFERENCES `brand` (`id`)
) ENGINE=InnoDB DEFAULT CHARSET=utf8mb4 COLLATE=utf8mb4_0900_ai_ci;
/*!40101 SET character_set_client = @saved_cs_client */;

--
-- Dumping data for table `product`
--

LOCK TABLES `product` WRITE;
/*!40000 ALTER TABLE `product` DISABLE KEYS */;
INSERT INTO `product` VALUES ('4iKReQ','2021-08-22 13:54:12.319000','<p style=\"margin-bottom: 10px; color: rgb(137, 137, 137); font-family: &quot;Roboto Condensed&quot;, sans-serif; font-size: 15px; text-align: center;\">- Chất lượng Rep 1:1&nbsp;</p><p style=\"margin-bottom: 10px; color: rgb(137, 137, 137); font-family: &quot;Roboto Condensed&quot;, sans-serif; font-size: 15px; text-align: center;\">- Nên mang lên 1 size so với tiêu chuẩn<br>- Vận chuyển toàn quốc&nbsp;[ Kiểm Tra Hàng Trước Khi Thanh Toán ]&nbsp;<br>- 100% Ảnh chụp trực tiếp tại Tu Shoes&nbsp;<br>- Bảo Hành Trọn Đời Sản Phẩm&nbsp;<br>- Đổi Trả 7 Ngày Không Kể Lí Do</p>',NULL,'[\"/media/static/8dfa42c1-fdb4-4f4e-a53a-d45d62dbc936.jpg\", \"/media/static/5d72dcda-30cf-4931-b7ab-5157fb04fb09.jpg\", \"/media/static/3bfe4266-cb35-4997-9cd1-b616a646f06d.jpg\"]',NULL,'VANS VAULT STYLE 36 BLACK',550000,1350000,'vans-vault-style-36-black',1,0,4,1),('Eq1H5L','2021-08-22 13:55:17.113000','<p><span style=\"color: rgb(137, 137, 137); font-family: &quot;Roboto Condensed&quot;, sans-serif; font-size: 15px; text-align: center;\">&nbsp;Chất lượng Rep 1:1 Tốt Nhất</span><br style=\"color: rgb(137, 137, 137); font-family: &quot;Roboto Condensed&quot;, sans-serif; font-size: 15px; text-align: center;\"><span style=\"color: rgb(137, 137, 137); font-family: &quot;Roboto Condensed&quot;, sans-serif; font-size: 15px; text-align: center;\">- Đi lùi 1 size</span><br style=\"color: rgb(137, 137, 137); font-family: &quot;Roboto Condensed&quot;, sans-serif; font-size: 15px; text-align: center;\"><span style=\"color: rgb(137, 137, 137); font-family: &quot;Roboto Condensed&quot;, sans-serif; font-size: 15px; text-align: center;\">- Vận chuyển toàn quốc&nbsp;[ Kiểm Tra Hàng Trước Khi Thanh Toán ]&nbsp;</span><br style=\"color: rgb(137, 137, 137); font-family: &quot;Roboto Condensed&quot;, sans-serif; font-size: 15px; text-align: center;\"><span style=\"color: rgb(137, 137, 137); font-family: &quot;Roboto Condensed&quot;, sans-serif; font-size: 15px; text-align: center;\">- 100% Ảnh chụp trực tiếp tại Tu Shoes&nbsp;</span><br style=\"color: rgb(137, 137, 137); font-family: &quot;Roboto Condensed&quot;, sans-serif; font-size: 15px; text-align: center;\"><span style=\"color: rgb(137, 137, 137); font-family: &quot;Roboto Condensed&quot;, sans-serif; font-size: 15px; text-align: center;\">- Bảo Hành Trọn Đời Sản Phẩm&nbsp;</span><br style=\"color: rgb(137, 137, 137); font-family: &quot;Roboto Condensed&quot;, sans-serif; font-size: 15px; text-align: center;\"><span style=\"color: rgb(137, 137, 137); font-family: &quot;Roboto Condensed&quot;, sans-serif; font-size: 15px; text-align: center;\">- Đổi Trả 7 Ngày Không Kể Lí Do&nbsp;</span><br></p>',NULL,'[\"/media/static/f31cfad6-07c9-48fc-a1ca-cfbba534e01b.jpg\", \"/media/static/0b4785c8-4aef-45fe-95a2-519b5ae63281.jpg\", \"/media/static/b5075993-78c4-4470-aa5e-99a0ba229162.jpg\", \"/media/static/8b28fb59-6135-4edd-a9e9-62f2f489f041.jpg\"]',NULL,'FEAR OF GOD CHUCK 70 HI \"BLACK\"',550000,1450000,'fear-of-god-chuck-70-hi-black',1,1,6,2),('eWtkD1','2021-08-22 13:51:42.992000','<p><span style=\"color: rgb(137, 137, 137); font-family: &quot;Roboto Condensed&quot;, sans-serif; font-size: 15px; text-align: center;\">- Chất lượng chuẩn&nbsp;Rep 1:1&nbsp;</span><br style=\"color: rgb(137, 137, 137); font-family: &quot;Roboto Condensed&quot;, sans-serif; font-size: 15px; text-align: center;\"><span style=\"color: rgb(137, 137, 137); font-family: &quot;Roboto Condensed&quot;, sans-serif; font-size: 15px; text-align: center;\">- Vận chuyển toàn quốc&nbsp;[ Kiểm Tra Hàng Trước Khi Thanh Toán ]&nbsp;</span><br style=\"color: rgb(137, 137, 137); font-family: &quot;Roboto Condensed&quot;, sans-serif; font-size: 15px; text-align: center;\"><span style=\"color: rgb(137, 137, 137); font-family: &quot;Roboto Condensed&quot;, sans-serif; font-size: 15px; text-align: center;\">- 100% Ảnh chụp trực tiếp tại Tu Shoes&nbsp;</span><br style=\"color: rgb(137, 137, 137); font-family: &quot;Roboto Condensed&quot;, sans-serif; font-size: 15px; text-align: center;\"><span style=\"color: rgb(137, 137, 137); font-family: &quot;Roboto Condensed&quot;, sans-serif; font-size: 15px; text-align: center;\">- Bảo Hành Trọn Đời Sản Phẩm&nbsp;</span><br style=\"color: rgb(137, 137, 137); font-family: &quot;Roboto Condensed&quot;, sans-serif; font-size: 15px; text-align: center;\"><span style=\"color: rgb(137, 137, 137); font-family: &quot;Roboto Condensed&quot;, sans-serif; font-size: 15px; text-align: center;\">- Đổi Trả 7 Ngày Không Kể Lí Do&nbsp;</span><br></p>',NULL,'[\"/media/static/3192cffa-d1af-4b88-aa96-fb4654d2db2c.jpg\", \"/media/static/bedc7a79-05b9-40ac-ba26-ba312c5da2dd.jpg\", \"/media/static/95024d25-0d4a-422c-b07e-e7cf12548279.jpg\"]',NULL,'AIR MAX 270 REACT \'WHITE SMOKE GREY\'',550000,1350000,'air-max-270-react-white-smoke-grey',1,0,0,4),('FJWheJ','2021-08-22 13:52:51.972000','<p style=\"margin-bottom: 10px; color: rgb(137, 137, 137); font-family: &quot;Roboto Condensed&quot;, sans-serif; font-size: 15px; text-align: center;\">- Chất lượng Rep 1:1&nbsp;</p><p style=\"margin-bottom: 10px; color: rgb(137, 137, 137); font-family: &quot;Roboto Condensed&quot;, sans-serif; font-size: 15px; text-align: center;\">- Nên mang lên 1 size so với tiêu chuẩn<br>- Vận chuyển toàn quốc&nbsp;[ Kiểm Tra Hàng Trước Khi Thanh Toán ]&nbsp;<br>- 100% Ảnh chụp trực tiếp tại Tu Shoes&nbsp;<br>- Bảo Hành Trọn Đời Sản Phẩm&nbsp;<br>- Đổi Trả 7 Ngày Không Kể Lí Do</p>',NULL,'[\"/media/static/88c9783f-3bb0-4206-83a9-361f65d72fd1.jpg\", \"/media/static/fd7ea8d3-a15b-4320-a0c4-227902fd700c.jpg\", \"/media/static/a1617322-8bc9-49d4-a6f7-b79c0fe4d30f.jpg\"]',NULL,'SUPERSTAR BLACK WHITE GOLD',650000,1750000,'superstar-black-white-gold',1,0,2,3),('u2aJZe',NULL,'<p><span style=\"color: rgb(137, 137, 137); font-family: &quot;Roboto Condensed&quot;, sans-serif; font-size: 15px; text-align: center;\">- Chất lượng Rep 1:1&nbsp;</span><br style=\"color: rgb(137, 137, 137); font-family: &quot;Roboto Condensed&quot;, sans-serif; font-size: 15px; text-align: center;\"><span style=\"color: rgb(137, 137, 137); font-family: &quot;Roboto Condensed&quot;, sans-serif; font-size: 15px; text-align: center;\">- Đi lùi&nbsp;1 size so với tiêu chuẩn</span><br style=\"color: rgb(137, 137, 137); font-family: &quot;Roboto Condensed&quot;, sans-serif; font-size: 15px; text-align: center;\"><span style=\"color: rgb(137, 137, 137); font-family: &quot;Roboto Condensed&quot;, sans-serif; font-size: 15px; text-align: center;\">- Vận chuyển toàn quốc&nbsp;[ Kiểm Tra Hàng Trước Khi Thanh Toán ]&nbsp;</span><br style=\"color: rgb(137, 137, 137); font-family: &quot;Roboto Condensed&quot;, sans-serif; font-size: 15px; text-align: center;\"><span style=\"color: rgb(137, 137, 137); font-family: &quot;Roboto Condensed&quot;, sans-serif; font-size: 15px; text-align: center;\">- 100% Ảnh chụp trực tiếp tại Tu Shoes&nbsp;</span><br style=\"color: rgb(137, 137, 137); font-family: &quot;Roboto Condensed&quot;, sans-serif; font-size: 15px; text-align: center;\"><span style=\"color: rgb(137, 137, 137); font-family: &quot;Roboto Condensed&quot;, sans-serif; font-size: 15px; text-align: center;\">- Bảo Hành Trọn Đời Sản Phẩm&nbsp;</span><br style=\"color: rgb(137, 137, 137); font-family: &quot;Roboto Condensed&quot;, sans-serif; font-size: 15px; text-align: center;\"><span style=\"color: rgb(137, 137, 137); font-family: &quot;Roboto Condensed&quot;, sans-serif; font-size: 15px; text-align: center;\">- Đổi Trả 7 Ngày Không Kể Lí Do&nbsp;</span><br></p>',NULL,'[\"/media/static/1da9ec1b-dce8-4cf5-a2db-569e8a35c895.jpg\", \"/media/static/963f9593-a6d2-4a5d-ae07-87b7b9feab45.jpg\", \"/media/static/5666f43f-1b9d-4dfd-aaf0-d61e83d04929.jpg\", \"/media/static/1196c3f5-55fd-4ca3-8a9a-f815e59068c7.jpg\"]','2021-08-22 14:01:00.162000','WMNS AIR FORCE 1 SHADOW \'MYSTIC NAVY\'',650000,1750000,'wmns-air-force-1-shadow-mystic-navy',1,0,12,4);
/*!40000 ALTER TABLE `product` ENABLE KEYS */;
UNLOCK TABLES;
/*!40103 SET TIME_ZONE=@OLD_TIME_ZONE */;

/*!40101 SET SQL_MODE=@OLD_SQL_MODE */;
/*!40014 SET FOREIGN_KEY_CHECKS=@OLD_FOREIGN_KEY_CHECKS */;
/*!40014 SET UNIQUE_CHECKS=@OLD_UNIQUE_CHECKS */;
/*!40101 SET CHARACTER_SET_CLIENT=@OLD_CHARACTER_SET_CLIENT */;
/*!40101 SET CHARACTER_SET_RESULTS=@OLD_CHARACTER_SET_RESULTS */;
/*!40101 SET COLLATION_CONNECTION=@OLD_COLLATION_CONNECTION */;
/*!40111 SET SQL_NOTES=@OLD_SQL_NOTES */;

-- Dump completed on 2021-08-22 21:39:47
-- MySQL dump 10.13  Distrib 8.0.25, for Win64 (x86_64)
--
-- Host: localhost    Database: shoes
-- ------------------------------------------------------
-- Server version	8.0.25

/*!40101 SET @OLD_CHARACTER_SET_CLIENT=@@CHARACTER_SET_CLIENT */;
/*!40101 SET @OLD_CHARACTER_SET_RESULTS=@@CHARACTER_SET_RESULTS */;
/*!40101 SET @OLD_COLLATION_CONNECTION=@@COLLATION_CONNECTION */;
/*!50503 SET NAMES utf8 */;
/*!40103 SET @OLD_TIME_ZONE=@@TIME_ZONE */;
/*!40103 SET TIME_ZONE='+00:00' */;
/*!40014 SET @OLD_UNIQUE_CHECKS=@@UNIQUE_CHECKS, UNIQUE_CHECKS=0 */;
/*!40014 SET @OLD_FOREIGN_KEY_CHECKS=@@FOREIGN_KEY_CHECKS, FOREIGN_KEY_CHECKS=0 */;
/*!40101 SET @OLD_SQL_MODE=@@SQL_MODE, SQL_MODE='NO_AUTO_VALUE_ON_ZERO' */;
/*!40111 SET @OLD_SQL_NOTES=@@SQL_NOTES, SQL_NOTES=0 */;

--
-- Table structure for table `product_category`
--

DROP TABLE IF EXISTS `product_category`;
/*!40101 SET @saved_cs_client     = @@character_set_client */;
/*!50503 SET character_set_client = utf8mb4 */;
CREATE TABLE `product_category` (
  `product_id` varchar(255) NOT NULL,
  `category_id` bigint NOT NULL,
  KEY `FKkud35ls1d40wpjb5htpp14q4e` (`category_id`),
  KEY `FK2k3smhbruedlcrvu6clued06x` (`product_id`),
  CONSTRAINT `FK2k3smhbruedlcrvu6clued06x` FOREIGN KEY (`product_id`) REFERENCES `product` (`id`),
  CONSTRAINT `FKkud35ls1d40wpjb5htpp14q4e` FOREIGN KEY (`category_id`) REFERENCES `category` (`id`)
) ENGINE=InnoDB DEFAULT CHARSET=utf8mb4 COLLATE=utf8mb4_0900_ai_ci;
/*!40101 SET character_set_client = @saved_cs_client */;

--
-- Dumping data for table `product_category`
--

LOCK TABLES `product_category` WRITE;
/*!40000 ALTER TABLE `product_category` DISABLE KEYS */;
INSERT INTO `product_category` VALUES ('eWtkD1',1),('FJWheJ',1),('FJWheJ',2),('4iKReQ',1),('4iKReQ',2),('4iKReQ',3),('Eq1H5L',1),('Eq1H5L',2),('u2aJZe',1),('u2aJZe',2);
/*!40000 ALTER TABLE `product_category` ENABLE KEYS */;
UNLOCK TABLES;
/*!40103 SET TIME_ZONE=@OLD_TIME_ZONE */;

/*!40101 SET SQL_MODE=@OLD_SQL_MODE */;
/*!40014 SET FOREIGN_KEY_CHECKS=@OLD_FOREIGN_KEY_CHECKS */;
/*!40014 SET UNIQUE_CHECKS=@OLD_UNIQUE_CHECKS */;
/*!40101 SET CHARACTER_SET_CLIENT=@OLD_CHARACTER_SET_CLIENT */;
/*!40101 SET CHARACTER_SET_RESULTS=@OLD_CHARACTER_SET_RESULTS */;
/*!40101 SET COLLATION_CONNECTION=@OLD_COLLATION_CONNECTION */;
/*!40111 SET SQL_NOTES=@OLD_SQL_NOTES */;

-- Dump completed on 2021-08-22 21:39:46
-- MySQL dump 10.13  Distrib 8.0.25, for Win64 (x86_64)
--
-- Host: localhost    Database: shoes
-- ------------------------------------------------------
-- Server version	8.0.25

/*!40101 SET @OLD_CHARACTER_SET_CLIENT=@@CHARACTER_SET_CLIENT */;
/*!40101 SET @OLD_CHARACTER_SET_RESULTS=@@CHARACTER_SET_RESULTS */;
/*!40101 SET @OLD_COLLATION_CONNECTION=@@COLLATION_CONNECTION */;
/*!50503 SET NAMES utf8 */;
/*!40103 SET @OLD_TIME_ZONE=@@TIME_ZONE */;
/*!40103 SET TIME_ZONE='+00:00' */;
/*!40014 SET @OLD_UNIQUE_CHECKS=@@UNIQUE_CHECKS, UNIQUE_CHECKS=0 */;
/*!40014 SET @OLD_FOREIGN_KEY_CHECKS=@@FOREIGN_KEY_CHECKS, FOREIGN_KEY_CHECKS=0 */;
/*!40101 SET @OLD_SQL_MODE=@@SQL_MODE, SQL_MODE='NO_AUTO_VALUE_ON_ZERO' */;
/*!40111 SET @OLD_SQL_NOTES=@@SQL_NOTES, SQL_NOTES=0 */;

--
-- Table structure for table `product_size`
--

DROP TABLE IF EXISTS `product_size`;
/*!40101 SET @saved_cs_client     = @@character_set_client */;
/*!50503 SET character_set_client = utf8mb4 */;
CREATE TABLE `product_size` (
  `product_id` varchar(255) NOT NULL,
  `size` int NOT NULL,
  `quantity` int DEFAULT NULL,
  PRIMARY KEY (`product_id`,`size`)
) ENGINE=InnoDB DEFAULT CHARSET=utf8mb4 COLLATE=utf8mb4_0900_ai_ci;
/*!40101 SET character_set_client = @saved_cs_client */;

--
-- Dumping data for table `product_size`
--

LOCK TABLES `product_size` WRITE;
/*!40000 ALTER TABLE `product_size` DISABLE KEYS */;
INSERT INTO `product_size` VALUES ('Eq1H5L',39,3),('Eq1H5L',40,15),('Eq1H5L',41,35),('u2aJZe',35,10),('u2aJZe',37,10),('u2aJZe',40,30),('u2aJZe',41,25);
/*!40000 ALTER TABLE `product_size` ENABLE KEYS */;
UNLOCK TABLES;
/*!40103 SET TIME_ZONE=@OLD_TIME_ZONE */;

/*!40101 SET SQL_MODE=@OLD_SQL_MODE */;
/*!40014 SET FOREIGN_KEY_CHECKS=@OLD_FOREIGN_KEY_CHECKS */;
/*!40014 SET UNIQUE_CHECKS=@OLD_UNIQUE_CHECKS */;
/*!40101 SET CHARACTER_SET_CLIENT=@OLD_CHARACTER_SET_CLIENT */;
/*!40101 SET CHARACTER_SET_RESULTS=@OLD_CHARACTER_SET_RESULTS */;
/*!40101 SET COLLATION_CONNECTION=@OLD_COLLATION_CONNECTION */;
/*!40111 SET SQL_NOTES=@OLD_SQL_NOTES */;

-- Dump completed on 2021-08-22 21:39:48
-- MySQL dump 10.13  Distrib 8.0.25, for Win64 (x86_64)
--
-- Host: localhost    Database: shoes
-- ------------------------------------------------------
-- Server version	8.0.25

/*!40101 SET @OLD_CHARACTER_SET_CLIENT=@@CHARACTER_SET_CLIENT */;
/*!40101 SET @OLD_CHARACTER_SET_RESULTS=@@CHARACTER_SET_RESULTS */;
/*!40101 SET @OLD_COLLATION_CONNECTION=@@COLLATION_CONNECTION */;
/*!50503 SET NAMES utf8 */;
/*!40103 SET @OLD_TIME_ZONE=@@TIME_ZONE */;
/*!40103 SET TIME_ZONE='+00:00' */;
/*!40014 SET @OLD_UNIQUE_CHECKS=@@UNIQUE_CHECKS, UNIQUE_CHECKS=0 */;
/*!40014 SET @OLD_FOREIGN_KEY_CHECKS=@@FOREIGN_KEY_CHECKS, FOREIGN_KEY_CHECKS=0 */;
/*!40101 SET @OLD_SQL_MODE=@@SQL_MODE, SQL_MODE='NO_AUTO_VALUE_ON_ZERO' */;
/*!40111 SET @OLD_SQL_NOTES=@@SQL_NOTES, SQL_NOTES=0 */;

--
-- Table structure for table `promotion`
--

DROP TABLE IF EXISTS `promotion`;
/*!40101 SET @saved_cs_client     = @@character_set_client */;
/*!50503 SET character_set_client = utf8mb4 */;
CREATE TABLE `promotion` (
  `id` bigint NOT NULL AUTO_INCREMENT,
  `coupon_code` varchar(255) DEFAULT NULL,
  `created_at` datetime(6) DEFAULT NULL,
  `discount_type` int DEFAULT NULL,
  `discount_value` bigint DEFAULT NULL,
  `expired_at` datetime(6) DEFAULT NULL,
  `is_active` tinyint(1) DEFAULT NULL,
  `is_public` tinyint(1) DEFAULT NULL,
  `maximum_discount_value` bigint DEFAULT NULL,
  `name` varchar(300) NOT NULL,
  PRIMARY KEY (`id`),
  UNIQUE KEY `UK_acld676f1gyc04nofpb7t2ecn` (`coupon_code`)
) ENGINE=InnoDB AUTO_INCREMENT=2 DEFAULT CHARSET=utf8mb4 COLLATE=utf8mb4_0900_ai_ci;
/*!40101 SET character_set_client = @saved_cs_client */;

--
-- Dumping data for table `promotion`
--

LOCK TABLES `promotion` WRITE;
/*!40000 ALTER TABLE `promotion` DISABLE KEYS */;
INSERT INTO `promotion` VALUES (1,'KH123','2021-08-22 13:57:01.646000',1,30,'2021-09-06 00:00:00.000000',1,1,150000,'2/9');
/*!40000 ALTER TABLE `promotion` ENABLE KEYS */;
UNLOCK TABLES;
/*!40103 SET TIME_ZONE=@OLD_TIME_ZONE */;

/*!40101 SET SQL_MODE=@OLD_SQL_MODE */;
/*!40014 SET FOREIGN_KEY_CHECKS=@OLD_FOREIGN_KEY_CHECKS */;
/*!40014 SET UNIQUE_CHECKS=@OLD_UNIQUE_CHECKS */;
/*!40101 SET CHARACTER_SET_CLIENT=@OLD_CHARACTER_SET_CLIENT */;
/*!40101 SET CHARACTER_SET_RESULTS=@OLD_CHARACTER_SET_RESULTS */;
/*!40101 SET COLLATION_CONNECTION=@OLD_COLLATION_CONNECTION */;
/*!40111 SET SQL_NOTES=@OLD_SQL_NOTES */;

-- Dump completed on 2021-08-22 21:39:46
-- MySQL dump 10.13  Distrib 8.0.25, for Win64 (x86_64)
--
-- Host: localhost    Database: shoes
-- ------------------------------------------------------
-- Server version	8.0.25

/*!40101 SET @OLD_CHARACTER_SET_CLIENT=@@CHARACTER_SET_CLIENT */;
/*!40101 SET @OLD_CHARACTER_SET_RESULTS=@@CHARACTER_SET_RESULTS */;
/*!40101 SET @OLD_COLLATION_CONNECTION=@@COLLATION_CONNECTION */;
/*!50503 SET NAMES utf8 */;
/*!40103 SET @OLD_TIME_ZONE=@@TIME_ZONE */;
/*!40103 SET TIME_ZONE='+00:00' */;
/*!40014 SET @OLD_UNIQUE_CHECKS=@@UNIQUE_CHECKS, UNIQUE_CHECKS=0 */;
/*!40014 SET @OLD_FOREIGN_KEY_CHECKS=@@FOREIGN_KEY_CHECKS, FOREIGN_KEY_CHECKS=0 */;
/*!40101 SET @OLD_SQL_MODE=@@SQL_MODE, SQL_MODE='NO_AUTO_VALUE_ON_ZERO' */;
/*!40111 SET @OLD_SQL_NOTES=@@SQL_NOTES, SQL_NOTES=0 */;

--
-- Table structure for table `statistic`
--

DROP TABLE IF EXISTS `statistic`;
/*!40101 SET @saved_cs_client     = @@character_set_client */;
/*!50503 SET character_set_client = utf8mb4 */;
CREATE TABLE `statistic` (
  `id` bigint NOT NULL AUTO_INCREMENT,
  `created_at` datetime(6) DEFAULT NULL,
  `profit` bigint DEFAULT NULL,
  `quantity` int DEFAULT NULL,
  `sales` bigint DEFAULT NULL,
  `order_id` bigint DEFAULT NULL,
  PRIMARY KEY (`id`),
  KEY `FKok7jp7mh6y9tghumc2do51ieq` (`order_id`),
  CONSTRAINT `FKok7jp7mh6y9tghumc2do51ieq` FOREIGN KEY (`order_id`) REFERENCES `orders` (`id`)
) ENGINE=InnoDB AUTO_INCREMENT=2 DEFAULT CHARSET=utf8mb4 COLLATE=utf8mb4_0900_ai_ci;
/*!40101 SET character_set_client = @saved_cs_client */;

--
-- Dumping data for table `statistic`
--

LOCK TABLES `statistic` WRITE;
/*!40000 ALTER TABLE `statistic` DISABLE KEYS */;
INSERT INTO `statistic` VALUES (1,'2021-08-22 14:16:48.648000',650000,1,1300000,5);
/*!40000 ALTER TABLE `statistic` ENABLE KEYS */;
UNLOCK TABLES;
/*!40103 SET TIME_ZONE=@OLD_TIME_ZONE */;

/*!40101 SET SQL_MODE=@OLD_SQL_MODE */;
/*!40014 SET FOREIGN_KEY_CHECKS=@OLD_FOREIGN_KEY_CHECKS */;
/*!40014 SET UNIQUE_CHECKS=@OLD_UNIQUE_CHECKS */;
/*!40101 SET CHARACTER_SET_CLIENT=@OLD_CHARACTER_SET_CLIENT */;
/*!40101 SET CHARACTER_SET_RESULTS=@OLD_CHARACTER_SET_RESULTS */;
/*!40101 SET COLLATION_CONNECTION=@OLD_COLLATION_CONNECTION */;
/*!40111 SET SQL_NOTES=@OLD_SQL_NOTES */;

-- Dump completed on 2021-08-22 21:39:47
-- MySQL dump 10.13  Distrib 8.0.25, for Win64 (x86_64)
--
-- Host: localhost    Database: shoes
-- ------------------------------------------------------
-- Server version	8.0.25

/*!40101 SET @OLD_CHARACTER_SET_CLIENT=@@CHARACTER_SET_CLIENT */;
/*!40101 SET @OLD_CHARACTER_SET_RESULTS=@@CHARACTER_SET_RESULTS */;
/*!40101 SET @OLD_COLLATION_CONNECTION=@@COLLATION_CONNECTION */;
/*!50503 SET NAMES utf8 */;
/*!40103 SET @OLD_TIME_ZONE=@@TIME_ZONE */;
/*!40103 SET TIME_ZONE='+00:00' */;
/*!40014 SET @OLD_UNIQUE_CHECKS=@@UNIQUE_CHECKS, UNIQUE_CHECKS=0 */;
/*!40014 SET @OLD_FOREIGN_KEY_CHECKS=@@FOREIGN_KEY_CHECKS, FOREIGN_KEY_CHECKS=0 */;
/*!40101 SET @OLD_SQL_MODE=@@SQL_MODE, SQL_MODE='NO_AUTO_VALUE_ON_ZERO' */;
/*!40111 SET @OLD_SQL_NOTES=@@SQL_NOTES, SQL_NOTES=0 */;

--
-- Table structure for table `users`
--

DROP TABLE IF EXISTS `users`;
/*!40101 SET @saved_cs_client     = @@character_set_client */;
/*!50503 SET character_set_client = utf8mb4 */;
CREATE TABLE `users` (
  `id` bigint NOT NULL AUTO_INCREMENT,
  `address` varchar(255) DEFAULT NULL,
  `avatar` varchar(255) DEFAULT NULL,
  `created_at` datetime(6) DEFAULT NULL,
  `email` varchar(200) NOT NULL,
  `full_name` varchar(255) DEFAULT NULL,
  `modified_at` datetime(6) DEFAULT NULL,
  `password` varchar(255) NOT NULL,
  `phone` varchar(255) DEFAULT NULL,
  `status` tinyint(1) DEFAULT NULL,
  PRIMARY KEY (`id`)
) ENGINE=InnoDB AUTO_INCREMENT=6 DEFAULT CHARSET=utf8mb4 COLLATE=utf8mb4_0900_ai_ci;
/*!40101 SET character_set_client = @saved_cs_client */;

--
-- Dumping data for table `users`
--

LOCK TABLES `users` WRITE;
/*!40000 ALTER TABLE `users` DISABLE KEYS */;
INSERT INTO `users` VALUES (1,NULL,NULL,'2021-08-22 13:43:08.676000','admin@gmail.com','admin',NULL,'$2a$12$6vOrz9fOe1OFg5/9jzP8KeJEAIS4zjZe5RyuuPe6.pprqua3J/AUu','0969708715',1),(2,'Vĩnh Hưng Hoàng Mai Hà Nội',NULL,'2021-08-22 13:44:11.392000','user@gmail.com','user',NULL,'$2a$12$4d0o3IvSxvJ1VhIisqfMt.2GsBAhQsxjqeFI8T7CC749qJ.F4Ynae','0969708715',1),(3,NULL,NULL,'2021-08-22 14:13:47.852000','thaotrang@gmail.com','Thảo Trang',NULL,'$2a$12$xAgcACYzUTMsT2q4v93MUeHTWI1DN13i9.tN6kpK.CiazKhsRsb0y','0378246453',1),(4,NULL,NULL,'2021-08-22 14:14:40.837000','phuong@gmail.com','Phương',NULL,'$2a$12$.bH4k6xySdmmPDJYkXbQjOKqig4VpCl08uHY11WQRe/fIkno83cXm','0378246453',1),(5,NULL,NULL,'2021-08-22 14:15:37.844000','linh@gmail.com','Linh',NULL,'$2a$12$mtLAES4vlQ5vXFpLtADAI.aqvVjzNMeCuc8cRnr8FbWxY1vmJZDyy','0378246453',1);

DROP TABLE IF EXISTS `roles`;
CREATE TABLE `roles` (
  `role_id` bigint NOT NULL AUTO_INCREMENT,
  `role_name` bigint NOT NULL,
  PRIMARY KEY (`role_id`)
 ) ENGINE=InnoDB AUTO_INCREMENT=1 DEFAULT CHARSET=utf8mb4 COLLATE=utf8mb4_0900_ai_ci;

DROP TABLE IF EXISTS `users_roles`;

CREATE TABLE `users_roles` (
  `id` bigint NOT NULL AUTO_INCREMENT,
  `user_id` bigint DEFAULT NULL,
  `role_id` bigint DEFAULT NULL,

  PRIMARY KEY (`id`),
  
  KEY `FK2o0jvgh89lemvvo17cbqvdxaa` (`user_id`),
  KEY `FKj6m8fwv7oqv74fcehir1a9ffy` (`role_id`),

  CONSTRAINT `FK2o0jvgh89lemvvo17cbqvdxaa` FOREIGN KEY (`user_id`) REFERENCES `users` (`id`),
  CONSTRAINT `FKj6m8fwv7oqv74fcehir1a9ffy` FOREIGN KEY (`role_id`) REFERENCES `roles` (`role_id`)

) ENGINE=InnoDB AUTO_INCREMENT=1 DEFAULT CHARSET=utf8mb4 COLLATE=utf8mb4_0900_ai_ci;
/*!40000 ALTER TABLE `users` ENABLE KEYS */;
UNLOCK TABLES;
/*!40103 SET TIME_ZONE=@OLD_TIME_ZONE */;

/*!40101 SET SQL_MODE=@OLD_SQL_MODE */;
/*!40014 SET FOREIGN_KEY_CHECKS=@OLD_FOREIGN_KEY_CHECKS */;
/*!40014 SET UNIQUE_CHECKS=@OLD_UNIQUE_CHECKS */;
/*!40101 SET CHARACTER_SET_CLIENT=@OLD_CHARACTER_SET_CLIENT */;
/*!40101 SET CHARACTER_SET_RESULTS=@OLD_CHARACTER_SET_RESULTS */;
/*!40101 SET COLLATION_CONNECTION=@OLD_COLLATION_CONNECTION */;
/*!40111 SET SQL_NOTES=@OLD_SQL_NOTES */;

-- Dump completed on 2021-08-22 21:39:48
